column,target_type,required,cast_failures
id,bigint,True,0
case_number,string,False,0
date,timestamp,True,0
block,string,False,0
iucr,string,False,0
primary_type,string,True,0
description,string,False,0
location_description,string,False,0
arrest,boolean,True,0
domestic,boolean,False,0
beat,int,False,0
district,int,False,0
ward,int,False,0
community_area,int,False,0
fbi_code,string,False,0
x_coordinate,double,False,0
y_coordinate,double,False,0
year,int,False,0
updated_on,timestamp,False,0
latitude,double,False,0
longitude,double,False,0
