community_area,community_area_name,hardship_index,pct_below_poverty,pct_unemployed,per_capita_income,pct_housing_crowded,pct_no_hs_diploma,crimes_per_year,arrest_rate,domestic_share,violent_share
77,Edgewater,19.0,18.2,9.2,33385.0,4.1,9.7,3450.3478260869565,0.21774742307013786,0.08678394112754857,0.2580710199349782
18,Montclaire,50.0,15.3,13.8,22014.0,8.1,23.5,742.4782608695652,0.14212098143702057,0.1661298822978275,0.24167008256719563
26,West Garfield Park,92.0,41.7,25.8,10934.0,9.4,24.5,6413.608695652174,0.4352701117867578,0.1517222210923783,0.3035529072013992
63,Gage Park,93.0,23.4,18.2,12171.0,15.8,51.5,3140.0,0.24879534754915536,0.12902243145942952,0.280531708667959
21,Avondale,42.0,15.3,9.2,20039.0,6.0,24.7,3244.2608695652175,0.19594467822777345,0.12466160979924415,0.26291243399715886
54,Riverdale,98.0,56.5,34.6,8201.0,5.8,27.5,1555.5217391304348,0.2315174553484082,0.23995863264108225,0.4386896609553624
15,Portage Park,35.0,11.6,12.6,24336.0,4.1,19.3,4227.739130434783,0.2219091301754458,0.14135420308932722,0.23646105432032744
13,North Park,33.0,13.2,9.9,26576.0,3.9,14.4,1119.608695652174,0.17393499281581298,0.09215176109665645,0.1965748902955225
68,Englewood,94.0,46.6,28.0,11888.0,3.8,28.5,8845.95652173913,0.2760485016489971,0.20364499623999174,0.3809011240704424
71,Auburn Gresham,74.0,27.6,28.3,15528.0,4.0,18.5,9419.95652173913,0.2539289851794756,0.1972177477049188,0.33796426642788896
45,Avalon Park,41.0,17.2,21.1,24454.0,1.4,10.6,1812.0434782608695,0.18499412145787844,0.13424670681670944,0.32715886460157884
16,Irving Park,34.0,13.1,10.0,27249.0,6.3,22.4,3863.0,0.18579837702168847,0.12820628256930297,0.24986212562887597
36,Oakland,78.0,39.7,28.7,19252.0,1.3,18.4,717.9565217391304,0.17961606007388117,0.21255980136861866,0.32931629625143827
19,Belmont Cragin,70.0,18.7,14.6,15461.0,10.8,37.3,6321.478260869565,0.23374417101118342,0.14935967096303837,0.2745849209733552
38,Grand Boulevard,57.0,29.3,24.3,23472.0,3.3,15.9,4717.739130434783,0.2777951856084344,0.1330593135989973,0.3358554207984665
32,Loop,3.0,14.7,5.7,65526.0,1.5,3.1,8211.347826086956,0.24726650817267726,0.0312293167991274,0.1589105214946442
6,Lake View,5.0,11.4,4.7,60058.0,1.1,2.6,6868.782608695652,0.186033851957818,0.04610018862908433,0.19679457153346583
57,Archer Heights,67.0,14.1,16.5,16134.0,8.5,35.9,1238.7826086956522,0.18822827460339744,0.09911554120454864,0.22546679769759934
58,Brighton Park,84.0,23.6,13.9,13089.0,14.4,45.1,3271.391304347826,0.25214640759150475,0.13137609313947,0.2797905425161479
70,Ashburn,37.0,10.4,11.7,23482.0,4.0,17.7,3047.4347826086955,0.15827995035025894,0.14378450871010542,0.2791085874077984
22,Logan Square,23.0,16.8,8.2,31908.0,3.2,14.8,7070.782608695652,0.19941215534840248,0.11091570947192365,0.24339597117347567
7,Lincoln Park,2.0,12.3,5.1,71551.0,0.8,3.6,5260.913043478261,0.13885835654250792,0.032974934091453786,0.1479905124751035
25,Austin,73.0,28.6,22.6,15957.0,6.3,24.4,21045.608695652172,0.3781910509060033,0.17191647952996494,0.3105160841154511
52,East Side,64.0,19.2,12.1,17104.0,6.8,31.9,1649.3478260869565,0.20434954527481217,0.14485303809147226,0.289416106497957
12,Forest Glen,11.0,7.5,6.8,44164.0,1.1,4.9,605.9565217391304,0.10561813876731004,0.10339384372533544,0.15900121977470044
29,North Lawndale,87.0,43.1,21.2,12034.0,7.4,27.6,9697.304347826086,0.37077090002600455,0.17583550785068014,0.3314054107371838
8,Near North Side,1.0,12.9,7.0,88669.0,1.9,2.5,11983.521739130434,0.26007089445289,0.04554442513451443,0.197811487513651
33,Near South Side,7.0,13.8,4.9,59077.0,1.3,7.4,2645.1304347826085,0.308853019494395,0.07487096880239325,0.21603274269371117
53,West Pullman,62.0,25.9,19.4,16563.0,3.3,20.5,5550.521739130435,0.24409769547711926,0.19965220660807445,0.3387930629318043
40,Washington Park,88.0,42.1,28.6,13785.0,5.6,25.4,3708.9565217391305,0.2802850913183129,0.16413851311748295,0.3761986261224298
46,South Chicago,75.0,29.8,19.7,16579.0,4.7,26.6,6135.130434782609,0.2497590498058225,0.15974997873968874,0.34944156249114156
50,Pullman,51.0,21.6,22.8,20588.0,1.5,13.1,1260.9565217391305,0.22712226742983244,0.16988483552858424,0.3441141990207572
3,Uptown,20.0,24.0,8.9,35787.0,3.8,11.8,4989.391304347826,0.3054829377113179,0.08641813935654781,0.26924082400920213
62,West Elsdon,69.0,15.6,16.7,15754.0,11.1,37.0,1195.695652173913,0.1845023817315734,0.11886840478528053,0.22246463764954003
75,Morgan Park,30.0,13.2,15.0,27149.0,0.8,10.8,2705.5652173913045,0.2156103361830687,0.16550427460307257,0.28339332776242204
41,Hyde Park,14.0,18.4,8.4,39056.0,1.5,4.3,2203.0,0.1516706467465314,0.10264658864394403,0.23365371331583415
51,South Deering,65.0,29.2,16.3,14685.0,4.0,21.0,2210.8260869565215,0.21813604987315385,0.15410332553245884,0.31326083108812364
66,Chicago Lawn,80.0,27.9,17.1,13231.0,7.6,31.2,8142.869565217391,0.2644404814027744,0.1690195743408477,0.32156701515329494
24,West Town,10.0,14.7,6.6,43198.0,2.3,12.9,10083.95652173913,0.18460662869560343,0.08109739534602964,0.22359236152131454
17,Dunning,28.0,10.6,10.0,26282.0,5.2,16.2,2037.8695652173913,0.15615199163661966,0.1461244692880459,0.22986494847560326
39,Kenwood,26.0,21.7,15.7,35911.0,2.4,11.3,2050.6521739130435,0.18520089049083008,0.16838757553270434,0.3067952931198982
31,Lower West Side,76.0,25.8,15.8,16444.0,9.6,40.7,3393.304347826087,0.26644542961843015,0.11101145478307664,0.28704866360864106
48,Calumet Heights,38.0,11.5,20.0,28887.0,2.1,11.0,1807.608695652174,0.17491280817799157,0.13965123271196633,0.2903187011425135
1,Rogers Park,39.0,23.6,8.7,23939.0,7.7,18.2,5280.391304347826,0.26630108111223644,0.11515944964553022,0.2904017324144291
74,Mount Greenwood,16.0,3.4,8.7,34381.0,1.0,4.3,780.8260869565217,0.15730274514171166,0.14265827718692578,0.2328080628097333
35,Douglas,47.0,29.6,18.2,23791.0,1.8,14.3,4134.695652173913,0.36399293360533347,0.10701592041893626,0.29583166838419317
49,Roseland,52.0,19.8,20.3,17949.0,2.5,16.9,9018.565217391304,0.26264661784627846,0.1788050735921553,0.33737652282489744
42,Woodlawn,58.0,30.7,23.4,18672.0,2.9,16.5,5498.260869565217,0.2943065000790764,0.18749011545152616,0.3370393800411197
60,Bridgeport,43.0,18.9,13.7,22694.0,4.5,22.2,2246.608695652174,0.19358646849357486,0.10938225731537389,0.2525545750116117
72,Beverly,12.0,5.1,8.0,39523.0,0.9,3.7,1206.608695652174,0.1337200922456039,0.12002738541366388,0.20171519169789565
47,Burnside,79.0,33.0,18.6,12515.0,6.8,19.3,466.5652173913044,0.20669089553629671,0.16335849408256453,0.31860963563507594
34,Armour Square,82.0,40.1,16.7,16148.0,5.7,34.5,1288.2173913043478,0.23753754767288804,0.07600661514057173,0.26956697829828885
69,Greater Grand Crossing,66.0,29.6,23.0,17285.0,3.6,16.5,8333.304347826086,0.25772959210292906,0.2009172205816368,0.3584047248859996
64,Clearing,29.0,8.9,9.5,25113.0,2.7,18.8,1304.0434782608695,0.15400260060680826,0.16233787883839562,0.2385890041009569
2,West Ridge,46.0,17.2,8.8,23040.0,7.8,20.8,4244.217391304348,0.1611092330229366,0.1072251759427149,0.2462583361504656
9,Edison Park,8.0,3.3,6.5,40959.0,1.1,7.4,309.9130434782609,0.11307519640852974,0.15404040404040403,0.2275533108866442
27,East Garfield Park,83.0,42.4,19.6,12961.0,8.2,21.3,6391.869565217391,0.38523804017331803,0.15759150551311787,0.3246311550679192
59,Mckinley Park,61.0,18.7,13.4,16954.0,7.2,32.9,1355.6521739130435,0.2349903784477229,0.10288646568313022,0.23640153944836434
65,West Lawn,56.0,14.9,9.6,16907.0,5.8,33.6,2573.521739130435,0.22417259380649085,0.11128381003868831,0.21020087513304386
11,Jefferson Park,25.0,8.6,12.4,27751.0,2.7,13.4,1413.391304347826,0.1662667651039744,0.14015011689430293,0.22492924818506213
56,Garfield Ridge,32.0,8.8,11.3,26353.0,2.6,19.3,2752.9565217391305,0.2372153258157238,0.10628889099466186,0.22232224643861145
67,West Englewood,89.0,34.4,35.9,11317.0,4.8,26.3,9583.95652173913,0.28741873874364315,0.1937976055999383,0.36031229727216224
43,South Shore,55.0,31.1,20.0,19398.0,2.8,14.0,11182.91304347826,0.22746270513632988,0.19860656980564292,0.3438436745500706
44,Chatham,60.0,27.8,24.0,18881.0,3.3,14.5,7269.130434782609,0.2494826245588851,0.18095579879179377,0.31645433339314555
76,O'hare,24.0,15.4,7.1,25828.0,3.6,10.9,1959.391304347826,0.24029201615408513,0.05875826565481738,0.14245772866462522
30,South Lawndale,96.0,30.7,15.8,10402.0,15.2,54.8,5648.565217391304,0.2749447724316294,0.13807276953747394,0.32358351870809826
55,Hegewisch,44.0,17.1,9.6,22677.0,3.3,19.2,763.8695652173913,0.17587796687347032,0.14690648300984688,0.2788434173828903
20,Hermosa,71.0,20.5,13.1,15089.0,6.9,41.6,1873.2173913043478,0.2519728901680438,0.1700631324853774,0.291825271562529
4,Lincoln Square,17.0,10.9,8.2,37524.0,3.4,13.4,2460.7391304347825,0.18190010071205187,0.07689453504602717,0.22819230701273918
61,New City,91.0,29.0,23.0,12765.0,11.9,41.5,6996.782608695652,0.3268458794725526,0.13345264282962355,0.328964865838957
10,Norwood Park,21.0,5.4,9.0,32875.0,2.0,11.5,1482.2173913043478,0.14211962101434397,0.12067701152796925,0.2113754363321698
37,Fuller Park,97.0,51.2,33.9,10432.0,3.2,26.6,1034.1304347826087,0.34559596384275804,0.11242379651040572,0.3092285053605213
73,Washington Height,48.0,16.9,20.8,19713.0,1.1,13.7,4074.913043478261,0.22305090532740096,0.17176146730258315,0.30147349103208393
23,Humboldt Park,85.0,33.9,17.3,13781.0,14.8,35.4,10553.347826086956,0.3771150304663264,0.15280953499198688,0.3045973459895273
28,Near West Side,15.0,20.6,10.7,44689.0,3.8,9.6,10219.869565217392,0.250956151061232,0.08620462270853453,0.24025236432014363
14,Albany Park,53.0,19.2,10.0,21323.0,11.3,32.9,3069.2608695652175,0.2302636238720553,0.13485756378111144,0.278455370929129
5,North Center,6.0,7.5,5.2,57123.0,0.3,4.5,2027.2173913043478,0.19658559601938833,0.054304465319778665,0.17247887444773302
