community_area_name,month,n,daily_rate,prev12_mean,z_score
Oakland,2002-04-01,45,1.5,0.04145545314900154,38.1926609969468
Grand Boulevard,2001-03-01,666,21.483870967741936,19.27361751152074,32.688779751960915
Fuller Park,2002-04-01,51,1.7,0.04358678955453149,31.62780945951012
West Town,2001-03-01,1360,43.87096774193548,41.62442396313364,29.975178767689446
Hermosa,2002-04-01,83,2.7666666666666666,0.15649641577060933,26.665016054987326
Lower West Side,2001-04-01,497,16.566666666666666,14.566820276497694,24.767785882415772
Edgewater,2001-03-01,530,17.096774193548388,13.8352534562212,24.713818488137232
West Elsdon,2002-04-01,59,1.9666666666666666,0.07513440860215054,22.621256227334825
Near South Side,2001-03-01,379,12.225806451612904,11.626152073732719,22.306004824703567
West Lawn,2001-03-01,407,13.129032258064516,12.847926267281107,21.566756826188165
North Center,2001-03-01,287,9.258064516129032,8.91589861751152,19.091883092036042
Burnside,2002-04-01,30,1.0,0.038856886840757804,18.299289549112213
Pullman,2002-04-01,48,1.6,0.07955709165386583,18.14393150359615
New City,2001-03-01,1066,34.38709677419355,31.399193548387096,14.161246617817158
Pullman,2002-05-01,193,6.225806451612903,0.21289042498719915,13.540003527317184
Lincoln Square,2001-03-01,409,13.193548387096774,10.161290322580644,13.29360748630711
Montclaire,2002-04-01,36,1.2,0.07495519713261649,12.798888823921885
Edison Park,2002-05-01,38,1.2258064516129032,0.05225934459805428,12.544868130810565
Albany Park,2001-04-01,422,14.066666666666666,13.479646697388633,12.089556458674648
Oakland,2002-05-01,142,4.580645161290323,0.16645545314900154,10.47286444701532
