year,ptype,n
2006,BATTERY,80666
2007,BURGLARY,24858
2005,OTHER OFFENSE,28028
2006,THEFT,86240
2007,MOTOR VEHICLE THEFT,18573
2008,THEFT,88435
2001,BURGLARY,26014
2003,CRIMINAL DAMAGE,55011
2008,BURGLARY,26218
2001,CRIMINAL DAMAGE,55858
2004,NARCOTICS,57060
2008,ASSAULT,25449
2003,NARCOTICS,54288
2006,ASSAULT,25945
2002,BATTERY,94153
2003,BATTERY,88379
2003,MOTOR VEHICLE THEFT,22748
2009,MOTOR VEHICLE THEFT,15482
2004,ASSAULT,28850
2006,OTHER,69143
2002,NARCOTICS,51789
2002,OTHER,71721
2009,BURGLARY,26767
2007,ASSAULT,26313
2008,BATTERY,75926
2009,CRIMINAL DAMAGE,47725
2010,BURGLARY,26422
2003,OTHER OFFENSE,31147
2007,OTHER,67525
2009,NARCOTICS,43542
2003,BURGLARY,25156
2003,THEFT,98876
2005,OTHER,70246
2008,MOTOR VEHICLE THEFT,18881
2002,OTHER OFFENSE,32600
2010,OTHER OFFENSE,22012
2007,NARCOTICS,54454
2010,ASSAULT,21537
2006,NARCOTICS,55813
2002,ASSAULT,31523
2002,CRIMINAL DAMAGE,55941
2005,MOTOR VEHICLE THEFT,22497
2009,OTHER,61406
2002,MOTOR VEHICLE THEFT,25121
2004,OTHER OFFENSE,29532
2009,ASSAULT,22861
2010,MOTOR VEHICLE THEFT,19029
2004,BURGLARY,24564
2005,ASSAULT,27067
2007,BATTERY,79593
2004,MOTOR VEHICLE THEFT,22805
2009,OTHER OFFENSE,25601
2006,MOTOR VEHICLE THEFT,21818
2004,CRIMINAL DAMAGE,53164
2001,BATTERY,93460
2005,CRIMINAL DAMAGE,54548
2007,THEFT,85156
2001,MOTOR VEHICLE THEFT,27552
2004,THEFT,95463
2006,CRIMINAL DAMAGE,57124
2002,BURGLARY,25623
2007,CRIMINAL DAMAGE,53749
2006,BURGLARY,24324
2001,ASSAULT,31384
2005,BURGLARY,25503
2009,BATTERY,68460
2001,OTHER OFFENSE,29663
2005,NARCOTICS,56234
2009,THEFT,80975
2006,OTHER OFFENSE,27101
2001,NARCOTICS,50567
2001,OTHER,72103
2010,NARCOTICS,43394
2002,THEFT,98331
2008,NARCOTICS,46507
2004,BATTERY,87136
2003,ASSAULT,29477
2004,OTHER,70847
2003,OTHER,70897
2005,THEFT,85684
2007,OTHER OFFENSE,26863
2010,BATTERY,65402
2008,CRIMINAL DAMAGE,52842
2010,OTHER,55290
2008,OTHER OFFENSE,26533
2010,THEFT,76757
2001,THEFT,99277
2005,BATTERY,83964
2008,OTHER,66376
2010,CRIMINAL DAMAGE,40653
2011,ASSAULT,20411
2011,THEFT,75152
2011,MOTOR VEHICLE THEFT,19388
2011,OTHER OFFENSE,20195
2011,OTHER,53802
2011,NARCOTICS,38605
2011,BURGLARY,26620
2011,BATTERY,60459
2011,CRIMINAL DAMAGE,37332
2012,OTHER OFFENSE,17483
2012,CRIMINAL DAMAGE,35855
2012,THEFT,75466
2012,ASSAULT,19899
2012,NARCOTICS,35489
2012,MOTOR VEHICLE THEFT,16492
2012,OTHER,53598
2012,BATTERY,59135
2012,BURGLARY,22845
2013,BATTERY,54006
2013,ASSAULT,17972
2013,MOTOR VEHICLE THEFT,12582
2013,NARCOTICS,34127
2013,OTHER OFFENSE,17998
2013,CRIMINAL DAMAGE,30855
2013,THEFT,71534
2013,BURGLARY,17895
2013,OTHER,50499
2018,OTHER,52848
2018,CRIMINAL DAMAGE,27824
2015,BATTERY,48923
2014,OTHER OFFENSE,16985
2018,OTHER OFFENSE,17263
2015,OTHER OFFENSE,17566
2018,THEFT,65286
2014,THEFT,61568
2015,BURGLARY,13184
2014,ASSAULT,16903
2014,BURGLARY,14569
2018,NARCOTICS,13587
2014,NARCOTICS,29118
2018,ASSAULT,20406
2014,OTHER,49428
2015,ASSAULT,17048
2014,CRIMINAL DAMAGE,27798
2015,THEFT,57350
2014,MOTOR VEHICLE THEFT,9911
2018,BURGLARY,11746
2014,BATTERY,49451
2018,BATTERY,49828
2018,MOTOR VEHICLE THEFT,9985
2015,NARCOTICS,23939
2015,MOTOR VEHICLE THEFT,10068
2015,OTHER,48001
2015,CRIMINAL DAMAGE,28676
2016,CRIMINAL DAMAGE,31018
2016,OTHER,51893
2019,ASSAULT,20620
2017,ASSAULT,19306
2017,BATTERY,49238
2017,BURGLARY,13001
2019,NARCOTICS,15069
2017,NARCOTICS,11683
2016,BURGLARY,14289
2019,OTHER OFFENSE,16795
2019,MOTOR VEHICLE THEFT,8977
2016,NARCOTICS,13333
2019,BURGLARY,9639
2016,MOTOR VEHICLE THEFT,11286
2016,BATTERY,50299
2016,THEFT,61619
2016,ASSAULT,18742
2017,CRIMINAL DAMAGE,29045
2017,OTHER,53768
2016,OTHER OFFENSE,17307
2017,THEFT,64381
2019,OTHER,51460
2019,BATTERY,49516
2017,OTHER OFFENSE,17269
2019,CRIMINAL DAMAGE,26681
2017,MOTOR VEHICLE THEFT,11380
2019,THEFT,62488
2022,CRIMINAL DAMAGE,27232
2020,CRIMINAL DAMAGE,24878
2020,OTHER,47341
2020,BATTERY,41512
2020,BURGLARY,8757
2020,OTHER OFFENSE,12588
2022,OTHER,46397
2022,OTHER OFFENSE,14516
2022,NARCOTICS,4629
2020,MOTOR VEHICLE THEFT,9957
2022,MOTOR VEHICLE THEFT,21433
2020,NARCOTICS,7491
2020,ASSAULT,18254
2022,THEFT,54750
2022,ASSAULT,20782
2020,THEFT,41314
2022,BURGLARY,7593
2022,BATTERY,40883
2021,NARCOTICS,5326
2021,BATTERY,40460
2021,OTHER OFFENSE,13934
2021,THEFT,40788
2021,OTHER,45372
2021,MOTOR VEHICLE THEFT,10599
2021,ASSAULT,20341
2021,CRIMINAL DAMAGE,25093
2021,BURGLARY,6658
