algorithm,k,wssse,silhouette,fit_seconds
KMeans,2,683809.1015291418,0.3836739671885877,34.983269929885864
BisectingKMeans,2,754526.0021110759,0.3285033368120092,34.65157103538513
KMeans,3,569394.173121735,0.35920058826268586,13.288914918899536
BisectingKMeans,3,611071.8222280745,0.2991584818889351,55.95148849487305
KMeans,4,469736.9204636266,0.37727535397289125,21.654402017593384
BisectingKMeans,4,506047.7209177816,0.33410904213293174,61.60959506034851
KMeans,5,405401.538432616,0.39661926518490476,25.087380170822144
BisectingKMeans,5,449100.7490134662,0.3011211820922615,93.44467401504517
KMeans,6,349125.70993686514,0.4128911495487853,17.59489130973816
BisectingKMeans,6,396545.9740930754,0.3015422749202792,80.76104640960693
KMeans,7,321488.7836843046,0.40136056511218143,27.986449241638184
BisectingKMeans,7,344482.0948128255,0.3417003212494242,79.74672555923462
KMeans,8,302654.5666385373,0.3772165375713686,23.283482789993286
BisectingKMeans,8,302866.5500859843,0.3675930820586718,85.01894211769104
KMeans,9,275267.3537257218,0.3940793971745586,23.210559368133545
BisectingKMeans,9,286793.7725354405,0.3406375927122803,101.11407089233398
KMeans,10,255808.2569938701,0.3941266880747834,18.144338607788086
BisectingKMeans,10,277085.9485196833,0.32648595872372854,104.25799870491028
KMeans,11,245260.12703243815,0.3936098951290704,22.549657821655273
BisectingKMeans,11,261955.93128780302,0.32357510277572665,109.73406410217285
KMeans,12,229669.18532098903,0.3938029063211072,24.26550602912903
BisectingKMeans,12,246637.76584455106,0.32592093825066293,111.03030753135681
KMeans,13,217836.40455530945,0.3969208488485762,24.079123497009277
BisectingKMeans,13,236893.29353423204,0.3256274659347441,107.91125845909119
KMeans,14,208335.57105500626,0.39165010499833247,23.27219820022583
BisectingKMeans,14,230389.72409871756,0.31037319078536885,109.7581079006195
KMeans,15,202748.6923275454,0.3798471921113996,24.495503187179565
BisectingKMeans,15,218374.72614783014,0.30975103044916324,111.20527768135071
