feature,importance
weekend_d,0.0016948940863210926
snow_cm,0.0049706216889124615
dow,0.006372836124353757
precip_mm,0.01025003351225544
month,0.011484071074531966
pct_below_poverty,0.01599081294620791
hour_cos,0.01660847873275114
hour_sin,0.016794049474171503
hardship_index,0.017561317752737525
tmax,0.017654666056368413
latitude,0.01894967030954529
longitude,0.02234364278241344
domestic_d,0.02568222932020032
district_s_ix,0.029335036250353386
ca_s_ix,0.046521301644056164
loc_grp_ix,0.13541979807351218
primary_type_ix,0.6023665401713081
