primary_type,n,arrest_base_rate,tp,fp,positives,recall,precision,share_of_test
THEFT,4528,0.0448,74,128,203.0,0.3645,0.3663,0.2042
BATTERY,3586,0.1514,6,6,543.0,0.011,0.5,0.1617
MOTOR VEHICLE THEFT,2712,0.0225,0,1,61.0,0.0,0.0,0.1223
CRIMINAL DAMAGE,2545,0.031,0,1,79.0,0.0,0.0,0.1148
ASSAULT,1938,0.1047,1,3,203.0,0.0049,0.25,0.0874
DECEPTIVE PRACTICE,1462,0.0492,7,0,72.0,0.0972,1.0,0.0659
OTHER OFFENSE,1422,0.1435,138,142,204.0,0.6765,0.4929,0.0641
ROBBERY,813,0.0246,1,0,20.0,0.05,1.0,0.0367
WEAPONS VIOLATION,771,0.5992,425,204,462.0,0.9199,0.6757,0.0348
BURGLARY,640,0.0344,0,0,22.0,0.0,,0.0289
NARCOTICS,514,0.9669,497,17,497.0,1.0,0.9669,0.0232
CRIMINAL TRESPASS,439,0.3007,104,135,132.0,0.7879,0.4351,0.0198
OFFENSE INVOLVING CHILDREN,186,0.0323,0,0,6.0,0.0,,0.0084
CRIMINAL SEXUAL ASSAULT,139,0.0216,0,1,3.0,0.0,0.0,0.0063
SEX OFFENSE,124,0.0484,0,1,6.0,0.0,0.0,0.0056
PUBLIC PEACE VIOLATION,76,0.3158,19,21,24.0,0.7917,0.475,0.0034
INTERFERENCE WITH PUBLIC OFFICER,54,0.9074,48,5,49.0,0.9796,0.9057,0.0024
