class,support,precision_unw,recall_unw,f1_unw,ovr_auc_unw,precision_w,recall_w,f1_w,ovr_auc_w,share
THEFT,4528,0.2771,0.8134,0.4134,0.7211,0.4651,0.2588,0.3326,0.7086,0.2042
BATTERY,3586,0.4873,0.6001,0.5379,0.8194,0.5262,0.4978,0.5116,0.824,0.1617
CRIMINAL DAMAGE,2545,0.2012,0.1081,0.1406,0.6517,0.2342,0.0102,0.0196,0.6522,0.1148
OTHER,1759,0.2569,0.1751,0.2082,0.6357,0.2711,0.1518,0.1946,0.646,0.0793
ASSAULT,1938,0.1429,0.0005,0.001,0.6552,0.2206,0.0464,0.0767,0.6587,0.0874
DECEPTIVE PRACTICE,1462,0.3831,0.3618,0.3721,0.8592,0.2734,0.5889,0.3735,0.8601,0.0659
OTHER OFFENSE,1422,0.5,0.0007,0.0014,0.7101,0.2005,0.0619,0.0946,0.7044,0.0641
MOTOR VEHICLE THEFT,2712,0.3652,0.024,0.045,0.8438,0.3424,0.5048,0.408,0.8401,0.1223
BURGLARY,640,0.4,0.0188,0.0358,0.863,0.1297,0.5938,0.2129,0.8732,0.0289
WEAPONS VIOLATION,771,0.2458,0.096,0.1381,0.8223,0.1254,0.4877,0.1995,0.8254,0.0348
ROBBERY,813,1.0,0.0037,0.0074,0.7656,0.166,0.2546,0.201,0.762,0.0367
